category,count,avg_likes,med_likes,std_likes
"Portrait (4:5, 0.8)",72,269.44444444444446,299.0,178.78367516054803
"Square (1:1, 1.0)",223,330.21973094170403,162.0,627.8478908329234
