model,features,mae,r2
Baseline,9,125.58001615036827,0.6745567013665128
Baseline + BERT,59,94.54464763731991,0.723435103031016
Baseline + BERT + NIMA,67,108.00508446915758,0.7012890286502538
